type,top,bottom,created_at,ob_bar,level,structure,quality_displacement,quality_large_bar,quality_fvg,quality_liquidity_sweep,quality_volume_expansion,quality,mitigated_at
SUPPLY,47990.0,46654.0,15,10,internal,BOS,False,True,False,True,True,3,4626
SUPPLY,47070.0,46110.0,28,26,internal,BOS,True,True,False,False,True,3,518
SUPPLY,42315.85,40917.66,46,40,internal,BOS,False,True,False,False,False,1,52
DEMAND,41740.53,40501.0,52,46,internal,CHoCH,False,True,False,True,True,3,120
SUPPLY,42786.7,41766.43,57,53,internal,CHoCH,False,True,False,True,True,3,64
DEMAND,42121.63,40564.89,64,58,internal,CHoCH,False,True,False,False,True,2,120
SUPPLY,44500.0,42871.01,76,75,internal,CHoCH,False,True,False,True,True,3,229
DEMAND,43347.42,41725.95,88,81,internal,CHoCH,False,True,False,True,True,3,105
SUPPLY,43800.0,43071.11,99,89,internal,CHoCH,False,False,False,True,True,2,225
DEMAND,41993.98,41548.0,117,113,internal,CHoCH,False,False,False,False,False,0,119
SUPPLY,43505.0,42805.0,119,118,internal,CHoCH,True,False,False,True,True,3,225
DEMAND,35501.96,34243.38,137,130,internal,CHoCH,False,True,False,False,False,1,140
SUPPLY,36251.5,35160.51,140,138,internal,CHoCH,False,True,False,False,True,2,143
DEMAND,34388.38,32917.17,143,141,internal,CHoCH,True,True,False,True,True,4,771
DEMAND,36496.62,35701.0,152,145,internal,BOS,False,False,False,False,False,0,324
SUPPLY,38919.98,37311.58,156,154,internal,CHoCH,False,True,False,True,True,3,207
DEMAND,37080.0,35507.01,167,156,internal,CHoCH,False,True,False,True,True,3,324
SUPPLY,38720.74,37816.21,180,173,internal,CHoCH,False,True,False,True,False,2,207
DEMAND,37951.07,36632.61,184,180,internal,CHoCH,False,True,False,True,True,3,202
SUPPLY,39265.2,38341.06,195,190,internal,CHoCH,False,True,False,True,True,3,207
DEMAND,36976.89,36250.0,205,201,internal,CHoCH,False,False,False,True,False,1,324
DEMAND,41854.81,40843.01,221,214,internal,BOS,False,True,False,False,False,1,287
DEMAND,43685.2,42666.0,243,232,internal,BOS,False,True,False,False,True,2,251
SUPPLY,45821.0,44341.07,250,244,internal,CHoCH,False,True,False,True,True,3,515
DEMAND,42180.04,41550.56,270,264,internal,CHoCH,False,False,False,True,False,1,286
SUPPLY,44751.4,43941.28,279,275,internal,CHoCH,False,False,False,True,True,2,513
SUPPLY,40444.32,40060.88,301,295,internal,BOS,False,False,False,False,False,0,351
SUPPLY,39494.35,38909.26,308,307,internal,BOS,True,False,False,False,True,2,351
DEMAND,37468.35,36350.0,320,312,internal,CHoCH,False,True,False,True,True,3,324
SUPPLY,39249.93,38450.0,323,321,internal,CHoCH,True,False,False,True,False,2,333
DEMAND,35515.83,34322.28,329,325,internal,CHoCH,True,True,False,True,True,4,767
SUPPLY,40348.45,39076.14,346,336,internal,CHoCH,False,True,False,True,False,2,351
DEMAND,38299.39,37000.0,351,347,internal,CHoCH,False,True,False,True,True,3,747
SUPPLY,44750.0,43819.97,369,360,internal,CHoCH,False,True,False,False,False,1,513
SUPPLY,39693.87,39275.0,386,384,internal,BOS,False,False,False,False,False,0,402
DEMAND,38517.82,37155.0,402,395,internal,CHoCH,False,True,False,True,True,3,747
SUPPLY,39486.71,38930.71,431,424,internal,CHoCH,False,False,False,False,False,0,437
DEMAND,38357.75,37555.0,437,432,internal,CHoCH,False,False,False,True,False,1,747
DEMAND,38990.61,38098.33,446,439,internal,BOS,False,False,False,False,False,0,719
DEMAND,40750.0,40135.04,460,458,internal,BOS,False,False,False,False,False,0,604
SUPPLY,42400.0,41715.43,471,467,internal,CHoCH,False,False,False,True,False,1,482
DEMAND,41451.51,40467.94,480,474,internal,CHoCH,False,True,False,True,True,3,604
DEMAND,42259.38,41751.47,491,487,internal,BOS,False,False,False,False,False,0,602
DEMAND,44453.48,44071.97,510,504,internal,BOS,False,False,False,False,False,0,574
SUPPLY,47700.22,46831.81,538,532,internal,CHoCH,False,True,False,False,False,1,4625
SUPPLY,47213.0,46081.93,551,546,internal,BOS,False,True,False,False,False,1,4618
SUPPLY,46890.71,45626.02,572,563,internal,BOS,False,True,False,False,True,2,4426
SUPPLY,43970.62,43260.76,586,584,internal,BOS,False,False,False,False,True,1,4223
DEMAND,42870.7,42107.14,598,587,internal,CHoCH,False,True,False,True,True,3,602
SUPPLY,43310.15,42659.64,599,598,internal,CHoCH,False,False,False,True,True,2,4222
DEMAND,40289.02,39254.63,615,611,internal,CHoCH,False,True,False,False,True,2,643
SUPPLY,40699.55,40185.45,641,635,internal,CHoCH,False,False,False,False,False,0,647
DEMAND,39847.24,38536.51,646,643,internal,CHoCH,True,True,False,True,True,4,685
DEMAND,41452.46,40820.0,662,658,internal,BOS,False,False,False,False,False,0,665
SUPPLY,42976.0,42085.65,665,663,internal,CHoCH,False,True,False,True,True,3,4222
SUPPLY,39980.0,39658.09,684,676,internal,BOS,False,False,False,False,False,0,688
DEMAND,39256.28,38200.0,688,685,internal,CHoCH,True,True,False,True,True,4,695
SUPPLY,40797.31,40229.41,693,692,internal,CHoCH,True,False,False,True,False,2,4213
SUPPLY,40372.63,39314.05,710,706,internal,BOS,False,True,False,True,False,2,4212
DEMAND,38077.1,37386.38,726,720,internal,CHoCH,False,True,False,True,False,2,747
SUPPLY,38908.56,38280.76,736,731,internal,CHoCH,False,False,False,False,False,0,740
DEMAND,38396.05,37517.8,740,736,internal,CHoCH,False,True,False,True,True,3,747
SUPPLY,39942.35,39614.54,747,743,internal,CHoCH,False,False,False,False,False,0,4211
SUPPLY,36436.2,35258.0,762,753,internal,BOS,False,True,False,False,True,2,4062
SUPPLY,32016.66,31240.0,784,776,internal,BOS,False,True,False,False,True,2,903
DEMAND,29300.0,28001.0,792,791,internal,CHoCH,True,True,False,False,False,2,972
DEMAND,29942.82,28630.0,806,802,internal,BOS,False,True,False,True,False,2,881
SUPPLY,30788.37,30271.21,825,818,internal,CHoCH,False,False,False,False,False,0,899
DEMAND,29411.07,28654.47,831,827,internal,CHoCH,False,False,False,True,True,2,881
SUPPLY,30777.33,30130.48,837,834,internal,CHoCH,True,False,False,True,False,2,899
DEMAND,29359.23,28730.0,853,838,internal,CHoCH,False,False,False,False,True,1,881
SUPPLY,30670.51,30101.07,856,853,internal,CHoCH,True,False,False,True,False,2,899
SUPPLY,30034.37,29430.54,872,868,internal,BOS,False,False,False,False,True,1,894
DEMAND,29067.01,28784.48,893,886,internal,CHoCH,False,False,False,False,False,0,968
SUPPLY,32399.0,31570.53,909,904,internal,CHoCH,False,True,False,True,True,3,3965
SUPPLY,30699.0,30359.54,921,918,internal,BOS,False,False,False,False,False,0,936
DEMAND,29988.88,29485.0,934,927,internal,CHoCH,False,False,False,False,False,0,963
SUPPLY,31765.64,31162.55,942,939,internal,CHoCH,True,False,False,True,True,3,3965
SUPPLY,30700.0,30251.89,963,956,internal,BOS,False,False,False,False,False,0,2809
SUPPLY,22979.96,21725.22,991,986,internal,BOS,False,True,False,False,True,2,1197
SUPPLY,21365.43,20847.49,1009,1004,internal,BOS,False,False,False,False,False,0,1029
DEMAND,18621.57,17960.41,1016,1015,internal,CHoCH,True,True,False,False,False,2,1874
SUPPLY,21723.0,20853.36,1032,1029,internal,CHoCH,False,True,False,True,False,2,1126
DEMAND,20239.87,19770.51,1042,1037,internal,CHoCH,False,False,False,True,False,1,1081
DEMAND,21372.89,20906.62,1058,1053,internal,BOS,False,False,False,False,True,1,1065
SUPPLY,21888.0,21197.12,1065,1059,internal,CHoCH,False,True,False,True,True,3,1128
DEMAND,19400.0,18781.0,1102,1099,internal,CHoCH,False,False,False,True,False,1,1494
DEMAND,20414.01,19761.25,1125,1116,internal,BOS,False,True,False,False,False,1,1153
SUPPLY,22130.0,21189.26,1143,1131,internal,CHoCH,False,True,False,False,True,2,1189
DEMAND,20128.39,18910.94,1163,1161,internal,CHoCH,False,True,False,True,True,3,1492
DEMAND,21080.0,20750.01,1189,1187,internal,BOS,True,False,False,False,True,2,1239
DEMAND,22850.0,22341.46,1214,1209,internal,BOS,False,False,False,True,False,1,1220
SUPPLY,23756.49,23227.81,1216,1215,internal,CHoCH,False,True,False,False,True,2,1252
SUPPLY,23014.64,22513.7,1230,1229,internal,BOS,False,True,False,True,False,2,1248
DEMAND,21196.58,20706.5,1245,1239,internal,CHoCH,False,True,False,True,True,3,1426
DEMAND,24222.0,23414.03,1263,1257,internal,BOS,False,True,False,False,True,2,1271
SUPPLY,24668.0,23916.97,1271,1263,internal,CHoCH,False,True,False,True,True,3,1344
SUPPLY,23647.68,23207.29,1294,1287,internal,BOS,False,False,False,True,True,2,1315
DEMAND,22980.0,22400.0,1298,1294,internal,CHoCH,False,True,False,True,True,3,1381
DEMAND,23051.92,22844.62,1314,1308,internal,BOS,False,False,False,False,False,0,1380
SUPPLY,24245.0,23892.57,1322,1317,internal,CHoCH,False,False,False,True,True,2,1332
DEMAND,23151.32,22664.69,1329,1326,internal,CHoCH,True,True,False,True,True,4,1381
DEMAND,24143.0,23583.0,1343,1340,internal,BOS,False,True,False,False,False,1,1371
SUPPLY,25047.56,24500.0,1354,1351,internal,CHoCH,False,True,False,True,False,2,2469
SUPPLY,24446.71,23759.3,1371,1369,internal,BOS,False,True,False,True,True,3,2466
SUPPLY,23600.0,23355.73,1380,1377,internal,BOS,False,False,False,False,False,0,2362
SUPPLY,21800.0,21277.73,1402,1397,internal,BOS,False,True,False,True,False,2,1523
DEMAND,21555.84,21145.0,1414,1410,internal,CHoCH,False,False,False,False,True,1,1425
SUPPLY,21819.88,21611.22,1424,1418,internal,CHoCH,False,False,False,False,False,0,1523
SUPPLY,20242.02,19800.0,1439,1431,internal,BOS,False,True,False,False,False,1,1443
DEMAND,20049.96,19520.0,1443,1439,internal,CHoCH,False,True,False,True,True,3,1492
SUPPLY,20576.25,20257.32,1449,1447,internal,CHoCH,True,False,False,True,True,3,1507
SUPPLY,20490.0,20188.0,1461,1453,internal,BOS,False,False,False,False,False,0,1507
DEMAND,19938.0,19565.66,1467,1462,internal,CHoCH,False,False,False,True,False,1,1492
DEMAND,19852.92,19583.1,1481,1478,internal,BOS,False,False,False,True,True,2,1492
SUPPLY,20180.0,19673.44,1492,1488,internal,CHoCH,False,True,False,True,True,3,1507
DEMAND,19464.06,18987.89,1506,1499,internal,CHoCH,False,True,False,False,True,2,1566
SUPPLY,22713.92,22182.09,1533,1532,internal,CHoCH,True,True,False,True,False,3,2312
DEMAND,19661.89,19320.01,1557,1552,internal,CHoCH,False,False,False,True,False,1,1566
SUPPLY,20189.0,19935.08,1564,1558,internal,CHoCH,False,False,False,True,False,1,1616
SUPPLY,19477.77,19084.17,1583,1581,internal,BOS,False,True,False,False,True,2,1614
DEMAND,18953.56,18629.2,1612,1607,internal,CHoCH,False,False,False,True,False,1,1870
SUPPLY,20385.86,19865.0,1620,1617,internal,CHoCH,True,True,False,True,True,4,1790
SUPPLY,19400.02,19240.08,1647,1641,internal,BOS,False,False,False,False,False,0,1654
DEMAND,19304.06,18920.35,1654,1649,internal,CHoCH,False,True,False,True,False,2,1712
SUPPLY,20456.6,20156.0,1677,1669,internal,CHoCH,False,False,False,False,False,0,1790
SUPPLY,19558.0,19373.49,1695,1688,internal,BOS,False,False,False,False,False,0,1716
SUPPLY,19238.31,19131.55,1712,1709,internal,BOS,False,False,False,False,False,0,1714
DEMAND,19038.9,18566.66,1714,1712,internal,CHoCH,False,True,False,True,True,3,1870
DEMAND,19131.0,18975.18,1732,1727,internal,BOS,False,False,False,True,False,1,1760
SUPPLY,19706.66,19524.37,1743,1741,internal,CHoCH,False,False,False,True,True,2,1785
DEMAND,19213.14,19070.11,1774,1773,internal,CHoCH,False,False,False,True,False,1,1870
DEMAND,19450.9,19157.0,1785,1779,internal,BOS,False,True,False,False,True,2,1870
SUPPLY,20997.13,20639.98,1799,1792,internal,CHoCH,False,True,False,False,True,2,1846
DEMAND,20248.64,20026.0,1806,1802,internal,CHoCH,False,False,False,True,False,1,1867
SUPPLY,21085.0,20650.21,1816,1808,internal,CHoCH,False,True,False,True,True,3,1846
SUPPLY,20570.07,20330.74,1834,1827,internal,BOS,False,True,False,False,True,2,1843
DEMAND,20339.86,20031.24,1843,1839,internal,CHoCH,False,True,False,True,True,3,1867
SUPPLY,21480.65,21080.65,1859,1848,internal,CHoCH,False,True,False,True,True,3,2308
SUPPLY,16996.35,16757.0,1899,1893,internal,BOS,False,False,False,False,False,0,2002
SUPPLY,17134.69,16730.0,1917,1911,internal,BOS,False,True,False,False,True,2,2003
DEMAND,16624.12,16410.74,1926,1921,internal,CHoCH,False,False,False,False,False,0,1943
SUPPLY,16822.41,16625.98,1940,1937,internal,CHoCH,False,False,False,False,False,0,1998
DEMAND,15894.74,15476.0,1956,1949,internal,CHoCH,False,True,False,True,True,3,8767
SUPPLY,16600.0,16522.23,1986,1981,internal,CHoCH,False,False,False,False,False,0,1998
DEMAND,16399.69,15995.27,1994,1990,internal,CHoCH,False,True,False,True,True,3,8767
DEMAND,16959.61,16858.74,2028,2021,internal,BOS,False,False,False,False,True,1,2041
SUPPLY,17424.25,17191.74,2032,2029,internal,CHoCH,False,False,False,True,True,2,2078
SUPPLY,17142.21,17018.94,2041,2040,internal,BOS,False,False,False,False,False,0,2050
DEMAND,16863.01,16733.49,2049,2048,internal,CHoCH,False,False,False,False,False,0,2099
SUPPLY,17270.99,17136.0,2069,2068,internal,CHoCH,False,False,False,True,False,1,2078
DEMAND,17087.67,16871.85,2075,2070,internal,CHoCH,False,False,False,True,True,2,2098
DEMAND,17840.0,17618.38,2085,2080,internal,BOS,False,False,False,False,True,1,2091
SUPPLY,18116.0,17815.75,2089,2085,internal,CHoCH,False,True,False,True,True,3,2256
SUPPLY,16863.26,16723.4,2116,2111,internal,BOS,False,False,False,True,False,1,2121
DEMAND,16702.83,16505.0,2121,2116,internal,CHoCH,True,True,False,True,True,4,2179
SUPPLY,16914.72,16723.0,2133,2127,internal,CHoCH,False,True,False,False,True,2,2159
SUPPLY,16869.99,16808.15,2151,2147,internal,BOS,False,False,False,False,False,0,2154
DEMAND,16857.96,16721.0,2154,2151,internal,CHoCH,False,False,False,True,True,2,2164
SUPPLY,16972.83,16839.0,2164,2160,internal,CHoCH,False,False,False,True,True,2,2235
SUPPLY,16664.41,16590.64,2179,2175,internal,BOS,False,False,False,False,True,1,2197
DEMAND,16574.97,16470.0,2195,2189,internal,CHoCH,False,False,False,False,False,0,8767
DEMAND,16688.2,16605.28,2208,2206,internal,BOS,False,False,False,False,True,1,8767
SUPPLY,16991.87,16787.85,2222,2212,internal,CHoCH,False,True,False,True,True,3,2235
DEMAND,16849.0,16679.0,2224,2223,internal,CHoCH,False,True,False,True,True,3,8767
DEMAND,16947.7,16908.0,2235,2229,internal,BOS,False,False,False,False,False,0,8767
DEMAND,17313.3,17128.0,2248,2243,internal,BOS,False,True,False,False,True,2,8767
DEMAND,20759.0,20573.13,2280,2276,internal,BOS,False,True,False,False,False,1,2597
SUPPLY,21413.15,21121.71,2296,2291,internal,CHoCH,False,True,False,False,True,2,2308
DEMAND,20938.67,20624.02,2307,2297,internal,CHoCH,False,True,False,False,True,2,2597
DEMAND,22794.33,22600.14,2328,2323,internal,BOS,False,False,False,False,False,0,2336
SUPPLY,23162.2,23006.98,2333,2329,internal,CHoCH,False,False,False,False,False,0,2350
DEMAND,22715.06,22300.0,2340,2334,internal,CHoCH,False,True,False,True,False,2,2428
DEMAND,23100.0,22760.64,2350,2347,internal,BOS,False,True,False,False,True,2,2424
DEMAND,23044.12,22878.46,2358,2355,internal,BOS,False,False,False,False,False,0,2368
SUPPLY,23910.6,23600.0,2366,2363,internal,CHoCH,True,True,False,False,False,2,2465
DEMAND,22840.69,22500.0,2380,2369,internal,CHoCH,False,True,False,True,False,2,2428
SUPPLY,24144.62,23725.76,2392,2386,internal,CHoCH,False,True,False,False,True,2,2465
SUPPLY,23587.78,23340.44,2403,2397,internal,BOS,False,False,False,False,False,0,2465
DEMAND,23032.13,22638.0,2417,2411,internal,CHoCH,False,True,False,False,True,2,2424
SUPPLY,23452.0,23225.19,2424,2418,internal,CHoCH,False,False,False,True,False,1,2465
DEMAND,21790.92,21451.0,2441,2435,internal,CHoCH,False,True,False,True,False,2,2596
SUPPLY,22090.0,21914.07,2450,2446,internal,CHoCH,False,False,False,True,False,1,2458
DEMAND,21678.0,21351.07,2457,2452,internal,CHoCH,False,True,False,True,True,3,2596
SUPPLY,25046.0,24656.44,2489,2487,internal,CHoCH,False,True,False,True,True,3,2625
SUPPLY,25121.23,24720.0,2502,2493,internal,BOS,False,True,False,False,True,2,2625
SUPPLY,24228.44,23608.0,2517,2511,internal,BOS,False,True,False,False,True,2,2620
DEMAND,23185.99,22722.0,2528,2525,internal,CHoCH,False,True,False,True,False,2,2556
DEMAND,23498.0,23020.03,2545,2544,internal,BOS,False,True,False,True,True,3,2556
SUPPLY,24000.0,23673.44,2556,2546,internal,CHoCH,False,True,False,True,False,2,2620
SUPPLY,22602.19,22357.08,2584,2577,internal,BOS,False,False,False,False,True,1,2619
DEMAND,19977.0,19549.09,2604,2600,internal,CHoCH,False,True,False,True,True,3,8767
DEMAND,20208.36,19765.03,2614,2606,internal,BOS,False,True,False,False,False,1,8767
DEMAND,24523.0,23896.95,2640,2632,internal,BOS,False,True,False,True,True,3,8767
DEMAND,27449.95,26810.0,2656,2651,internal,BOS,False,True,False,False,True,2,2674
DEMAND,27968.0,27303.1,2673,2665,internal,BOS,False,True,False,False,False,1,2674
SUPPLY,28736.0,28105.35,2674,2673,internal,CHoCH,True,True,False,True,True,4,2788
SUPPLY,28647.05,27772.22,2687,2680,internal,BOS,False,True,False,False,False,1,2719
DEMAND,27860.0,27000.0,2696,2687,internal,CHoCH,False,True,False,True,False,2,2703
SUPPLY,28194.4,27695.0,2703,2697,internal,CHoCH,False,True,False,True,True,3,2714
DEMAND,27155.38,26631.78,2710,2708,internal,CHoCH,False,True,False,False,True,2,2976
SUPPLY,28775.6,28442.79,2722,2719,internal,CHoCH,False,False,False,False,True,1,2788
SUPPLY,28577.0,28379.63,2739,2735,internal,BOS,False,False,False,False,False,0,2788
DEMAND,28093.56,27200.24,2754,2747,internal,CHoCH,False,True,False,True,True,3,2973
SUPPLY,28775.0,28099.68,2761,2754,internal,CHoCH,False,True,False,True,True,3,2788
DEMAND,28062.73,27766.94,2773,2767,internal,CHoCH,False,False,False,False,True,1,2854
DEMAND,27949.99,27800.0,2782,2780,internal,BOS,False,False,False,True,False,1,2854
SUPPLY,30550.0,30040.0,2800,2794,internal,CHoCH,False,True,False,True,True,3,2808
DEMAND,30486.0,29637.4,2808,2799,internal,CHoCH,False,True,False,False,True,2,2828
SUPPLY,30549.99,30259.69,2826,2824,internal,CHoCH,False,False,False,False,False,0,3231
DEMAND,29500.0,29096.78,2834,2832,internal,CHoCH,False,False,False,True,False,1,2843
SUPPLY,30485.0,30099.37,2840,2835,internal,CHoCH,False,False,False,True,True,2,3231
DEMAND,27579.8,26942.82,2879,2872,internal,CHoCH,False,True,False,True,True,3,2974
DEMAND,29309.05,29031.0,2907,2902,internal,BOS,False,False,False,False,False,0,2910
SUPPLY,29870.22,29211.28,2910,2908,internal,CHoCH,True,True,False,False,True,3,3220
DEMAND,28159.26,27666.95,2920,2915,internal,CHoCH,False,True,False,True,False,2,2956
DEMAND,28583.33,28113.69,2927,2925,internal,BOS,True,True,False,False,True,3,2953
SUPPLY,29820.0,29337.83,2943,2940,internal,CHoCH,True,True,False,True,False,3,3219
SUPPLY,29138.29,28744.08,2951,2946,internal,BOS,False,True,False,False,False,1,3219
DEMAND,27699.8,27262.0,2967,2957,internal,CHoCH,False,True,False,True,True,3,2973
SUPPLY,27982.23,27219.0,2976,2969,internal,CHoCH,False,True,False,False,False,1,3077
DEMAND,26500.0,25811.46,2994,2980,internal,CHoCH,False,True,False,True,True,3,3124
SUPPLY,27296.89,26852.11,3007,3000,internal,CHoCH,False,True,False,False,True,2,3010
DEMAND,26836.06,26544.71,3010,3009,internal,CHoCH,False,False,False,True,True,2,3051
SUPPLY,27500.0,27274.45,3016,3011,internal,CHoCH,False,False,False,True,False,1,3076
SUPPLY,27277.55,27063.09,3032,3030,internal,BOS,False,False,False,True,False,1,3042
DEMAND,26779.54,26538.21,3042,3036,internal,CHoCH,False,False,False,True,False,1,3051
SUPPLY,27495.83,27205.01,3048,3043,internal,CHoCH,False,False,False,True,True,2,3076
DEMAND,26394.37,25871.89,3063,3054,internal,CHoCH,False,True,False,True,True,3,3124
DEMAND,26777.77,26551.0,3071,3069,internal,BOS,False,False,False,False,False,0,3123
DEMAND,27737.99,27524.6,3086,3082,internal,BOS,False,False,False,False,True,1,3091
SUPPLY,28038.59,27712.19,3091,3086,internal,CHoCH,False,False,False,False,True,1,3215
SUPPLY,27455.02,27043.65,3120,3119,internal,BOS,False,True,False,True,True,3,3214
DEMAND,25858.42,25509.98,3130,3125,internal,CHoCH,False,True,False,False,False,1,3179
SUPPLY,26783.33,26452.86,3151,3147,internal,CHoCH,False,True,False,False,False,1,3209
SUPPLY,26098.0,25753.38,3179,3178,internal,BOS,True,True,False,False,True,3,3190
DEMAND,25050.0,24800.0,3190,3182,internal,CHoCH,True,False,False,True,True,3,8767
SUPPLY,26700.0,26255.85,3203,3203,internal,CHoCH,False,True,False,False,True,2,3209
DEMAND,26839.99,26246.0,3209,3193,internal,CHoCH,False,True,False,False,True,2,3567
DEMAND,30054.0,29800.0,3231,3228,internal,BOS,True,False,False,False,False,1,3382
SUPPLY,31046.01,30666.87,3250,3241,internal,CHoCH,False,True,False,False,False,1,3291
SUPPLY,30994.97,30383.0,3259,3255,internal,BOS,False,True,False,True,True,3,3291
DEMAND,30466.36,29858.8,3270,3262,internal,CHoCH,False,True,False,True,True,3,3382
SUPPLY,31282.0,30610.01,3273,3271,internal,CHoCH,True,True,False,True,True,4,3352
DEMAND,30628.0,30155.0,3288,3285,internal,CHoCH,False,True,False,True,False,2,3311
SUPPLY,31380.0,30800.8,3298,3292,internal,CHoCH,False,True,False,True,True,3,3352
SUPPLY,30857.89,30438.26,3311,3307,internal,BOS,False,True,False,False,True,2,3351
SUPPLY,30449.0,30116.0,3322,3316,internal,BOS,False,False,False,False,False,0,3334
DEMAND,30240.0,29950.0,3334,3330,internal,CHoCH,False,False,False,True,True,2,3376
SUPPLY,30983.25,30461.59,3346,3345,internal,CHoCH,False,True,False,False,True,2,3352
DEMAND,30538.44,30210.0,3352,3346,internal,CHoCH,False,False,False,True,True,2,3358
SUPPLY,31691.46,31000.0,3358,3353,internal,CHoCH,False,True,False,False,True,2,3965
SUPPLY,30390.9,30200.0,3366,3360,internal,BOS,False,False,False,False,False,0,3960
DEMAND,30335.0,30064.29,3369,3366,internal,CHoCH,False,False,False,False,False,0,3376
SUPPLY,30441.46,30273.08,3376,3369,internal,CHoCH,False,False,False,True,False,1,3960
DEMAND,30128.0,29761.96,3391,3387,internal,CHoCH,False,True,False,False,True,2,3394
SUPPLY,30417.46,30166.67,3394,3392,internal,CHoCH,False,False,False,True,True,2,3960
DEMAND,29839.75,29625.1,3412,3407,internal,CHoCH,False,False,False,True,False,1,3416
SUPPLY,30350.0,29897.63,3414,3412,internal,CHoCH,False,True,False,True,True,3,3960
SUPPLY,29690.0,29280.01,3436,3431,internal,BOS,False,True,False,True,True,3,3467
SUPPLY,29449.0,29278.38,3454,3453,internal,BOS,False,False,False,True,True,2,3467
DEMAND,29284.0,29033.24,3456,3455,internal,CHoCH,False,False,False,True,True,2,3462
SUPPLY,29530.0,29264.0,3462,3456,internal,CHoCH,False,False,False,True,True,2,3467
DEMAND,28980.0,28585.7,3467,3465,internal,CHoCH,True,True,False,True,True,4,3560
SUPPLY,29433.33,29078.43,3484,3477,internal,CHoCH,False,True,False,False,False,1,3506
DEMAND,29082.13,28978.64,3498,3489,internal,CHoCH,False,False,False,False,False,0,3501
SUPPLY,29229.62,29018.25,3501,3498,internal,CHoCH,False,False,False,True,False,1,3506
SUPPLY,29950.0,29535.38,3514,3508,internal,BOS,False,True,False,True,True,3,3952
SUPPLY,29481.35,29411.58,3536,3532,internal,BOS,False,False,False,False,False,0,3543
DEMAND,29429.95,29102.45,3543,3540,internal,CHoCH,False,True,False,True,True,3,3557
SUPPLY,29695.32,29257.0,3550,3544,internal,CHoCH,False,True,False,True,True,3,3944
SUPPLY,26258.42,26082.25,3592,3587,internal,BOS,False,False,False,False,False,0,3598
DEMAND,26054.73,25726.29,3597,3592,internal,CHoCH,False,True,False,True,True,3,3652
DEMAND,26030.55,25966.11,3621,3618,internal,BOS,False,False,False,False,False,0,3625
SUPPLY,26182.23,26052.8,3625,3621,internal,CHoCH,False,False,False,True,False,1,3633
DEMAND,26191.79,25918.0,3633,3628,internal,CHoCH,False,True,False,False,False,1,3651
SUPPLY,27587.51,27184.99,3645,3644,internal,CHoCH,True,True,False,False,False,2,3833
DEMAND,25937.91,25763.2,3664,3658,internal,CHoCH,False,False,False,False,False,0,3672
SUPPLY,26135.0,25927.94,3672,3665,internal,CHoCH,False,False,False,True,False,1,3689
SUPPLY,25915.49,25625.03,3681,3675,internal,BOS,False,True,False,False,True,2,3689
DEMAND,25834.52,25615.38,3689,3687,internal,CHoCH,True,False,False,False,True,2,3710
SUPPLY,26033.66,25771.3,3710,3707,internal,CHoCH,False,True,False,True,True,3,3716
DEMAND,25217.0,24901.0,3716,3713,internal,CHoCH,True,True,False,True,False,3,8767
DEMAND,25985.91,25764.17,3729,3720,internal,BOS,False,False,False,False,False,0,8767
SUPPLY,26860.49,26546.6,3735,3730,internal,CHoCH,False,True,False,True,False,2,3752
DEMAND,26750.0,26377.35,3752,3750,internal,CHoCH,True,True,False,True,True,4,3791
SUPPLY,27483.57,27069.9,3770,3760,internal,CHoCH,False,True,False,True,True,3,3833
SUPPLY,26738.54,26335.81,3790,3790,internal,BOS,False,True,False,True,True,3,3806
DEMAND,26306.39,26088.34,3806,3801,internal,CHoCH,False,False,False,False,True,1,8767
DEMAND,26313.79,26112.06,3813,3808,internal,BOS,False,False,False,False,False,0,8767
DEMAND,27149.05,26665.16,3830,3819,internal,BOS,False,True,False,False,True,2,8767
DEMAND,27469.65,27160.5,3851,3845,internal,BOS,False,True,False,True,False,2,3888
SUPPLY,28095.14,27943.9,3872,3870,internal,CHoCH,False,False,False,False,True,1,3922
SUPPLY,27750.03,27260.0,3888,3880,internal,BOS,False,True,False,False,True,2,3919
DEMAND,26804.99,26555.0,3906,3898,internal,CHoCH,False,False,False,False,False,0,8767
DEMAND,26883.57,26789.0,3916,3911,internal,BOS,False,False,False,False,False,0,8767
DEMAND,28418.0,28100.66,3939,3936,internal,BOS,False,True,False,True,False,2,8767
DEMAND,29592.71,29321.0,3951,3946,internal,BOS,False,True,False,False,False,1,8767
DEMAND,30051.79,29714.28,3960,3959,internal,BOS,True,True,False,False,False,2,8767
DEMAND,34204.78,33679.05,3975,3973,internal,BOS,True,True,False,False,False,2,8767
SUPPLY,34278.0,34023.74,3988,3983,internal,CHoCH,False,False,False,False,False,0,3999
DEMAND,34239.7,33907.79,4000,3993,internal,CHoCH,False,False,False,False,False,0,8767
DEMAND,34535.75,34025.0,4019,4010,internal,BOS,False,True,False,True,True,3,8767
SUPPLY,35984.99,35362.0,4028,4020,internal,CHoCH,True,True,False,True,True,4,4062
DEMAND,34626.12,34120.0,4037,4028,internal,CHoCH,False,True,False,True,False,2,8767
SUPPLY,35276.33,34827.01,4052,4046,internal,CHoCH,False,True,False,False,True,2,4054
DEMAND,34840.88,34523.06,4054,4053,internal,CHoCH,True,False,False,False,True,2,8767
DEMAND,35469.29,35100.0,4062,4059,internal,BOS,True,False,False,False,False,1,8767
SUPPLY,37417.99,36852.11,4091,4086,internal,CHoCH,False,True,False,True,False,2,4102
DEMAND,35673.14,35214.39,4102,4097,internal,CHoCH,False,True,False,False,False,1,8767
SUPPLY,37980.0,37306.49,4108,4103,internal,CHoCH,False,True,False,True,True,3,4155
DEMAND,36716.0,36384.02,4126,4124,internal,CHoCH,False,False,False,False,False,0,4139
SUPPLY,37750.0,36812.13,4139,4132,internal,CHoCH,False,True,False,True,True,3,4155
DEMAND,37530.0,36870.0,4154,4149,internal,CHoCH,False,True,False,False,True,2,4173
SUPPLY,37888.0,37711.76,4167,4163,internal,CHoCH,False,False,False,False,False,0,4180
DEMAND,37143.43,36707.0,4179,4174,internal,CHoCH,False,False,False,True,False,1,8767
DEMAND,37966.94,37500.0,4195,4191,internal,BOS,False,True,False,True,True,3,8767
DEMAND,38999.0,38395.0,4204,4198,internal,BOS,False,True,False,False,True,2,8767
SUPPLY,44279.98,43721.73,4232,4227,internal,CHoCH,False,True,False,False,False,1,4386
DEMAND,43755.26,43058.42,4240,4234,internal,CHoCH,False,True,False,False,True,2,4254
SUPPLY,44084.55,43584.51,4254,4247,internal,CHoCH,False,True,False,False,False,1,4385
DEMAND,41506.0,40555.0,4270,4266,internal,CHoCH,True,True,False,False,True,3,4510
SUPPLY,42724.43,42331.1,4295,4288,internal,CHoCH,False,False,False,False,True,1,4302
DEMAND,41270.27,40542.93,4301,4298,internal,CHoCH,True,True,False,True,True,4,4510
DEMAND,42646.66,41811.1,4311,4306,internal,BOS,False,True,False,False,True,2,4463
SUPPLY,43946.0,43401.0,4337,4333,internal,CHoCH,False,True,False,False,False,1,4385
SUPPLY,43802.32,43080.01,4346,4341,internal,BOS,False,True,False,False,True,2,4385
SUPPLY,43787.57,43304.27,4359,4356,internal,BOS,False,False,False,True,False,1,4385
DEMAND,42680.36,42056.0,4384,4379,internal,CHoCH,False,True,False,False,False,1,4463
SUPPLY,45879.63,45200.0,4394,4388,internal,CHoCH,False,True,False,True,True,3,4426
DEMAND,42966.27,42518.7,4401,4397,internal,CHoCH,False,False,False,False,False,0,4463
DEMAND,43971.1,43397.05,4420,4411,internal,BOS,False,False,False,False,False,0,4451
SUPPLY,44480.59,43945.15,4422,4419,internal,CHoCH,False,False,False,True,False,1,4424
SUPPLY,47150.0,46052.0,4449,4442,internal,BOS,False,True,False,False,True,2,4616
SUPPLY,43257.0,42505.0,4463,4455,internal,BOS,False,True,False,False,True,2,4553
SUPPLY,42930.0,42387.68,4486,4484,internal,BOS,True,False,False,False,True,2,4552
SUPPLY,41881.39,41605.0,4506,4503,internal,BOS,False,False,False,False,False,0,4534
DEMAND,40044.91,39550.0,4532,4528,internal,CHoCH,False,False,False,False,False,0,8767
DEMAND,41800.0,41394.34,4543,4538,internal,BOS,False,False,False,False,False,0,8767
DEMAND,42073.81,41620.81,4551,4547,internal,BOS,False,False,False,False,False,0,8767
SUPPLY,43882.36,43114.13,4559,4557,internal,CHoCH,False,True,False,True,True,3,4607
SUPPLY,43488.0,42783.09,4588,4576,internal,BOS,False,True,False,True,False,2,4606
DEMAND,43192.0,42788.0,4606,4602,internal,CHoCH,False,False,False,False,True,1,8767
DEMAND,47274.0,46800.0,4625,4622,internal,BOS,False,False,False,False,False,0,8767
DEMAND,49268.21,48300.95,4646,4642,internal,BOS,False,True,False,False,True,2,8767
SUPPLY,52572.08,51592.88,4665,4659,internal,CHoCH,False,True,False,False,False,1,4719
DEMAND,51735.68,50625.0,4673,4665,internal,CHoCH,False,True,False,True,True,3,8767
SUPPLY,52488.77,51989.21,4680,4675,internal,CHoCH,False,False,False,True,True,2,4719
SUPPLY,52065.78,51184.04,4703,4697,internal,BOS,False,True,False,False,False,1,4719
DEMAND,51162.04,50521.0,4708,4703,internal,CHoCH,False,True,False,True,False,2,8767
SUPPLY,51958.55,51640.88,4718,4715,internal,CHoCH,False,False,False,True,False,1,4719
DEMAND,62100.0,61320.0,4756,4753,internal,CHoCH,False,True,False,False,False,1,5025
SUPPLY,68686.8,67535.31,4768,4764,internal,CHoCH,True,True,False,True,True,4,4786
DEMAND,66467.88,65551.0,4784,4776,internal,CHoCH,False,True,False,False,False,1,4835
DEMAND,69379.0,67807.58,4796,4787,internal,BOS,False,True,False,False,False,1,4826
SUPPLY,73777.0,72680.0,4821,4819,internal,CHoCH,True,True,False,True,False,3,6240
SUPPLY,70043.0,68932.01,4835,4830,internal,BOS,False,False,False,False,False,0,4888
DEMAND,66560.0,64533.0,4840,4837,internal,CHoCH,False,True,False,True,False,2,4850
SUPPLY,68956.0,67704.01,4848,4843,internal,CHoCH,False,True,False,True,False,2,4887
DEMAND,63198.83,60775.0,4858,4855,internal,CHoCH,True,True,False,True,True,4,5025
DEMAND,64583.44,63772.29,4883,4879,internal,BOS,False,False,False,False,True,1,5004
SUPPLY,71136.63,69280.0,4899,4893,internal,CHoCH,False,True,False,False,True,2,4905
SUPPLY,71552.06,70348.75,4911,4905,internal,BOS,False,False,False,False,True,1,4970
DEMAND,69896.35,69540.0,4922,4919,internal,CHoCH,False,False,False,False,True,1,4928
SUPPLY,71366.0,70639.93,4927,4925,internal,CHoCH,False,False,False,True,False,1,4970
DEMAND,66290.32,65064.52,4947,4945,internal,CHoCH,False,False,False,False,False,0,5002
DEMAND,68380.0,67316.0,4961,4954,internal,BOS,False,False,False,False,True,1,4996
SUPPLY,72797.99,71245.17,4977,4971,internal,CHoCH,False,True,False,True,True,3,6240
SUPPLY,71227.46,70566.02,4995,4993,internal,BOS,True,False,False,False,False,1,5225
SUPPLY,67929.0,67012.67,5002,4999,internal,BOS,True,False,False,False,False,1,5224
DEMAND,64303.87,62134.0,5009,5004,internal,CHoCH,False,True,False,False,True,2,5019
SUPPLY,66867.07,65807.25,5019,5012,internal,CHoCH,False,False,False,False,False,0,5205
SUPPLY,64499.0,63181.81,5025,5023,internal,BOS,True,False,False,False,False,1,5035
DEMAND,61956.42,59678.16,5035,5026,internal,CHoCH,False,True,False,True,True,3,5104
DEMAND,65087.92,64237.5,5052,5050,internal,BOS,False,False,False,False,False,0,5068
SUPPLY,67130.0,65765.81,5067,5061,internal,CHoCH,False,True,False,False,True,2,5205
DEMAND,63923.41,62391.24,5088,5082,internal,CHoCH,False,True,False,True,True,3,5094
SUPPLY,64370.0,63456.86,5093,5088,internal,CHoCH,False,False,False,False,True,1,5133
DEMAND,63112.29,61765.53,5099,5097,internal,CHoCH,False,True,False,True,True,3,5102
DEMAND,58575.32,56760.02,5118,5111,internal,BOS,False,True,False,False,True,2,5496
DEMAND,64188.0,62822.17,5137,5130,internal,BOS,False,True,False,False,False,1,5147
SUPPLY,65500.0,63815.38,5140,5138,internal,CHoCH,False,True,False,True,True,3,5194
SUPPLY,64422.41,63358.0,5147,5144,internal,BOS,False,False,False,False,False,0,5193
DEMAND,61447.06,60630.0,5159,5156,internal,CHoCH,False,False,False,True,False,1,5434
SUPPLY,63429.03,62346.36,5164,5159,internal,CHoCH,False,False,False,True,False,1,5193
DEMAND,61120.0,60610.0,5179,5173,internal,CHoCH,False,False,False,False,False,0,5434
DEMAND,62300.0,61142.77,5193,5187,internal,BOS,False,False,False,False,True,1,5433
DEMAND,65827.47,64602.77,5205,5200,internal,BOS,False,True,False,False,True,2,5398
SUPPLY,67700.0,66950.0,5218,5216,internal,CHoCH,False,False,False,True,False,1,5224
DEMAND,66990.0,65857.25,5224,5218,internal,CHoCH,False,True,False,True,True,3,5374
SUPPLY,70666.0,69228.64,5241,5236,internal,CHoCH,False,True,False,False,False,1,5316
SUPPLY,69610.0,68749.2,5261,5252,internal,BOS,False,False,False,True,False,1,5265
DEMAND,68911.56,68128.01,5265,5261,internal,CHoCH,False,False,False,True,False,1,5268
SUPPLY,70687.56,69069.0,5268,5266,internal,CHoCH,False,True,False,True,True,3,5316
SUPPLY,69500.0,68384.0,5289,5284,internal,BOS,False,True,False,True,True,3,5307
DEMAND,67999.0,66670.0,5300,5290,internal,CHoCH,False,True,False,True,True,3,5355
DEMAND,70288.0,68500.0,5313,5307,internal,BOS,False,True,False,False,True,2,5352
SUPPLY,71997.02,70633.21,5332,5331,internal,CHoCH,True,True,False,True,True,4,6195
DEMAND,69346.9,69130.24,5343,5340,internal,CHoCH,False,False,False,False,False,0,5352
SUPPLY,70195.94,69201.59,5352,5349,internal,CHoCH,False,True,False,True,True,3,6192
DEMAND,67278.88,66051.0,5360,5355,internal,CHoCH,False,True,False,True,True,3,5374
SUPPLY,68667.44,67413.51,5367,5363,internal,CHoCH,False,True,False,False,False,1,5631
SUPPLY,67370.24,66344.67,5374,5373,internal,BOS,False,True,False,False,True,2,5596
DEMAND,66627.52,65480.0,5385,5375,internal,CHoCH,False,True,False,False,False,1,5391
SUPPLY,66998.7,66460.0,5390,5387,internal,CHoCH,False,False,False,True,False,1,5584
DEMAND,65087.76,64666.0,5407,5405,internal,CHoCH,False,False,False,False,False,0,5412
SUPPLY,66482.94,65559.45,5414,5408,internal,CHoCH,True,True,False,True,False,3,5584
SUPPLY,64546.81,64214.43,5427,5420,internal,BOS,False,False,False,False,True,1,5561
DEMAND,61598.87,60257.06,5439,5436,internal,CHoCH,False,True,False,False,True,2,5458
SUPPLY,62487.81,61643.48,5446,5442,internal,CHoCH,False,True,False,False,False,1,5471
SUPPLY,62389.22,61154.6,5457,5451,internal,BOS,False,True,False,False,False,1,5471
DEMAND,60450.0,60063.0,5470,5459,internal,CHoCH,False,False,False,True,True,2,5488
SUPPLY,63861.76,62966.77,5484,5476,internal,CHoCH,False,True,False,True,True,3,5561
DEMAND,53485.93,55356.42,5506,5497,internal,CHoCH,True,True,False,True,True,4,5514
SUPPLY,58475.0,57806.92,5513,5507,internal,CHoCH,False,False,False,True,False,1,5527
DEMAND,56574.99,55425.74,5527,5518,internal,CHoCH,False,True,False,False,True,2,5682
SUPPLY,58936.52,58052.0,5538,5534,internal,CHoCH,True,True,False,False,True,3,5549
DEMAND,57571.86,56542.47,5551,5538,internal,CHoCH,False,True,False,True,False,2,5682
SUPPLY,66128.63,64932.31,5573,5568,internal,CHoCH,False,True,False,True,False,2,5584
DEMAND,63958.51,63238.48,5583,5578,internal,CHoCH,False,False,False,True,False,1,5661
DEMAND,67220.52,66592.1,5597,5593,internal,BOS,False,False,False,False,True,1,5605
SUPPLY,68474.55,67753.72,5608,5598,internal,CHoCH,False,False,False,True,False,1,5631
SUPPLY,67102.01,66093.99,5615,5613,internal,BOS,False,True,False,False,True,2,5624
DEMAND,65005.0,63456.7,5622,5619,internal,CHoCH,False,True,False,True,True,3,5661
DEMAND,68024.18,67066.66,5640,5635,internal,BOS,False,True,False,False,False,1,5645
SUPPLY,69888.0,69263.07,5644,5641,internal,CHoCH,True,False,False,True,False,2,6191
SUPPLY,65596.14,63668.0,5669,5664,internal,BOS,False,True,False,False,False,1,6003
DEMAND,55566.24,54558.62,5703,5699,internal,CHoCH,True,False,False,False,False,1,5877
SUPPLY,61858.0,60425.0,5721,5720,internal,CHoCH,False,True,False,True,False,2,5794
DEMAND,59331.99,58392.88,5734,5732,internal,CHoCH,False,False,False,False,False,0,5743
SUPPLY,61578.1,59446.22,5741,5734,internal,CHoCH,False,True,False,True,True,3,5794
DEMAND,59715.69,58703.99,5762,5753,internal,CHoCH,False,False,False,False,True,1,5765
SUPPLY,60284.99,59669.85,5765,5763,internal,CHoCH,False,False,False,True,False,1,5772
DEMAND,58671.38,57787.3,5772,5768,internal,CHoCH,False,False,False,True,True,2,5849
DEMAND,59597.28,58548.23,5782,5776,internal,BOS,False,False,False,False,True,1,5835
DEMAND,61398.18,60100.0,5793,5787,internal,BOS,False,True,False,False,True,2,5819
SUPPLY,65000.0,64122.49,5812,5807,internal,CHoCH,False,False,False,True,False,1,5997
DEMAND,59849.99,57860.0,5829,5824,internal,CHoCH,False,True,False,True,True,3,5849
SUPPLY,61166.99,59990.0,5835,5829,internal,CHoCH,False,False,False,False,True,1,5951
SUPPLY,59462.38,59070.4,5844,5838,internal,BOS,False,False,False,False,False,0,5919
DEMAND,57767.14,57128.0,5855,5850,internal,CHoCH,False,False,False,True,True,2,5862
SUPPLY,59809.65,59021.62,5859,5856,internal,CHoCH,False,False,False,True,False,1,5921
SUPPLY,58519.0,57646.0,5871,5866,internal,BOS,False,False,False,False,False,0,5919
SUPPLY,54850.0,54000.0,5889,5884,internal,BOS,False,False,False,False,False,0,5891
DEMAND,54531.1,53629.01,5891,5890,internal,CHoCH,False,False,False,True,True,2,8767
DEMAND,57166.66,55545.19,5910,5907,internal,BOS,False,True,False,True,True,3,8767
DEMAND,58588.0,57345.23,5919,5913,internal,BOS,False,True,False,False,True,2,8767
SUPPLY,60395.8,59871.0,5933,5931,internal,CHoCH,False,False,False,False,True,1,5943
DEMAND,58263.84,57493.3,5943,5938,internal,CHoCH,False,False,False,True,True,2,8767
DEMAND,60160.0,59308.61,5951,5949,internal,BOS,True,False,False,False,False,1,8767
SUPPLY,63559.9,63058.0,5973,5969,internal,CHoCH,False,False,False,False,False,0,5975
DEMAND,64000.0,62357.93,5975,5975,internal,CHoCH,False,True,False,True,True,3,6028
DEMAND,63401.21,62700.0,5988,5982,internal,BOS,False,False,False,False,True,1,6027
DEMAND,63544.0,62670.0,5997,5994,internal,BOS,False,True,False,True,False,2,6027
SUPPLY,66076.12,65528.0,6018,6017,internal,CHoCH,False,False,False,False,True,1,6107
DEMAND,60900.0,59828.11,6045,6039,internal,CHoCH,False,True,False,True,True,3,6082
DEMAND,62100.0,61700.0,6057,6053,internal,BOS,False,False,False,False,False,0,6076
SUPPLY,63970.19,62657.44,6065,6060,internal,CHoCH,False,True,False,True,True,3,6102
DEMAND,60329.27,59586.29,6087,6083,internal,CHoCH,False,False,False,False,True,1,8767
SUPPLY,63480.0,62824.03,6098,6093,internal,CHoCH,False,False,False,True,False,1,6102
DEMAND,62818.0,62050.0,6102,6099,internal,CHoCH,True,False,False,True,False,2,8767
SUPPLY,68424.0,66917.52,6122,6116,internal,CHoCH,False,True,False,True,True,3,6129
DEMAND,67680.0,66666.0,6127,6123,internal,CHoCH,False,True,False,False,True,2,6158
DEMAND,68242.43,68010.0,6141,6136,internal,BOS,False,False,False,False,False,0,6147
SUPPLY,69519.52,68588.51,6147,6144,internal,CHoCH,False,True,False,True,True,3,6190
SUPPLY,67836.01,67292.0,6158,6155,internal,BOS,False,False,False,False,False,0,6166
DEMAND,66573.58,65260.0,6165,6160,internal,CHoCH,False,True,False,True,True,3,8767
SUPPLY,68850.0,67978.04,6173,6167,internal,CHoCH,False,True,False,True,False,2,6190
DEMAND,67050.2,66439.9,6183,6174,internal,CHoCH,False,False,False,False,False,0,8767
SUPPLY,72961.0,71644.19,6207,6203,internal,CHoCH,False,True,False,False,False,1,6240
SUPPLY,69914.37,69479.91,6222,6216,internal,BOS,False,False,False,False,False,0,6240
DEMAND,68106.07,66835.0,6237,6233,internal,CHoCH,False,True,False,True,True,3,8767
DEMAND,76700.0,75714.66,6264,6262,internal,BOS,True,True,False,False,False,2,7153
DEMAND,87692.69,86127.99,6285,6283,internal,BOS,True,True,False,False,False,2,6916
SUPPLY,91657.77,90329.8,6293,6290,internal,CHoCH,True,True,False,False,False,2,6313
DEMAND,90212.13,88722.0,6313,6311,internal,CHoCH,False,True,False,True,False,2,6909
DEMAND,91980.0,90224.02,6322,6317,internal,BOS,False,True,False,False,True,2,6907
SUPPLY,99588.01,98220.0,6346,6340,internal,CHoCH,False,True,False,True,False,2,6414
DEMAND,92364.0,90791.1,6369,6365,internal,CHoCH,False,True,False,True,True,3,6907
DEMAND,95780.0,94640.0,6378,6374,internal,BOS,False,False,False,False,False,0,6506
SUPPLY,98130.0,96350.0,6397,6396,internal,CHoCH,False,True,False,True,True,3,6413
DEMAND,96250.0,93578.17,6409,6405,internal,CHoCH,False,True,False,True,True,3,6506
SUPPLY,103550.0,100925.97,6419,6417,internal,CHoCH,False,True,False,False,True,2,6479
SUPPLY,101351.0,99736.06,6440,6437,internal,BOS,False,True,False,True,True,3,6459
DEMAND,96500.0,94256.54,6453,6448,internal,CHoCH,False,True,False,False,True,2,6506
SUPPLY,102540.0,99311.64,6460,6460,internal,CHoCH,False,True,False,True,True,3,6476
DEMAND,101499.08,100609.41,6476,6473,internal,CHoCH,False,False,False,False,False,0,6497
SUPPLY,108353.0,105725.99,6492,6489,internal,CHoCH,False,True,False,True,True,3,7419
DEMAND,97816.44,95393.84,6511,6509,internal,CHoCH,False,True,False,False,False,1,6519
SUPPLY,99540.61,97378.5,6519,6511,internal,CHoCH,False,True,False,False,True,2,6609
DEMAND,95509.09,92520.0,6531,6527,internal,CHoCH,False,True,False,True,True,3,6567
SUPPLY,99963.7,98468.26,6542,6540,internal,CHoCH,False,False,False,True,False,1,6609
SUPPLY,95733.99,94878.26,6562,6557,internal,BOS,False,False,False,False,False,0,6583
DEMAND,94277.23,91530.45,6573,6567,internal,CHoCH,False,True,False,True,True,3,6650
DEMAND,93756.02,92888.0,6583,6578,internal,BOS,False,False,False,False,False,0,6628
DEMAND,98281.89,97276.79,6606,6603,internal,BOS,False,False,False,True,False,1,6616
SUPPLY,102724.38,101512.91,6615,6612,internal,CHoCH,True,False,False,True,False,2,6675
SUPPLY,95940.0,93899.99,6649,6648,internal,BOS,True,True,False,True,False,3,6656
DEMAND,93661.55,90833.12,6656,6650,internal,CHoCH,True,True,False,True,True,4,6907
DEMAND,99517.93,97335.13,6672,6669,internal,BOS,False,True,False,False,True,2,6774
DEMAND,103883.01,102277.55,6688,6680,internal,BOS,False,True,False,False,False,1,6689
SUPPLY,106200.74,104520.01,6689,6688,internal,CHoCH,True,True,False,True,True,4,6691
SUPPLY,107199.99,105420.0,6708,6701,internal,BOS,False,True,False,False,False,1,7419
SUPPLY,105500.0,104950.0,6731,6727,internal,BOS,False,False,False,False,False,0,6753
DEMAND,102538.0,100272.68,6748,6743,internal,CHoCH,False,True,False,False,False,1,6768
SUPPLY,106457.44,104660.0,6760,6753,internal,CHoCH,False,True,False,True,False,2,7414
DEMAND,95426.63,92646.36,6778,6775,internal,CHoCH,True,True,False,False,True,3,6905
SUPPLY,99444.02,96150.0,6796,6785,internal,CHoCH,False,True,False,False,True,2,7341
DEMAND,96517.52,95688.0,6810,6807,internal,CHoCH,False,False,False,False,False,0,6826
DEMAND,96760.0,94713.0,6817,6815,internal,BOS,False,True,False,True,True,3,6868
SUPPLY,98478.42,97558.99,6826,6823,internal,CHoCH,False,False,False,True,True,2,6884
DEMAND,96631.66,94088.23,6832,6831,internal,CHoCH,False,True,False,True,True,3,6904
DEMAND,96361.58,95217.36,6844,6838,internal,BOS,False,False,False,False,False,0,6868
SUPPLY,97972.26,97223.58,6855,6846,internal,CHoCH,False,False,False,False,False,0,6880
DEMAND,95633.15,93388.09,6876,6868,internal,CHoCH,False,True,False,True,True,3,6905
SUPPLY,99475.0,97177.31,6886,6885,internal,CHoCH,True,True,False,True,True,4,7341
SUPPLY,96980.0,96485.37,6897,6891,internal,BOS,False,False,False,False,False,0,7302
SUPPLY,89460.17,87622.64,6916,6911,internal,BOS,False,True,False,False,True,2,6940
SUPPLY,87078.46,85846.87,6924,6920,internal,BOS,False,False,False,False,False,0,6939
DEMAND,80854.46,78258.52,6935,6926,internal,CHoCH,True,True,False,True,False,3,7152
DEMAND,84943.08,84334.39,6939,6933,internal,BOS,False,False,False,False,False,0,6948
SUPPLY,94883.51,93502.0,6946,6941,internal,CHoCH,False,False,False,False,False,0,7263
DEMAND,84373.84,83040.29,6960,6950,internal,CHoCH,True,False,False,False,False,1,6982
SUPPLY,92810.64,91265.96,6966,6961,internal,CHoCH,False,False,False,True,False,1,7247
SUPPLY,86662.0,85653.66,6980,6973,internal,BOS,False,False,False,False,False,0,7043
SUPPLY,84336.33,83312.92,7006,7002,internal,BOS,False,False,False,False,False,0,7011
DEMAND,81264.73,79939.9,7011,7006,internal,CHoCH,False,False,False,True,True,2,7150
SUPPLY,84499.74,84010.58,7022,7017,internal,CHoCH,False,False,False,False,False,0,7041
SUPPLY,84756.83,83103.6,7035,7030,internal,BOS,False,True,False,False,False,1,7042
DEMAND,82821.6,81134.66,7040,7035,internal,CHoCH,False,True,False,True,True,3,7150
SUPPLY,87453.67,85619.56,7053,7044,internal,CHoCH,False,True,False,True,False,2,7070
DEMAND,84204.19,83625.1,7064,7061,internal,CHoCH,False,False,False,False,False,0,7100
SUPPLY,88539.63,87132.65,7083,7079,internal,CHoCH,False,False,False,False,True,1,7244
SUPPLY,83534.64,82975.36,7110,7106,internal,BOS,False,False,False,False,False,0,7118
DEMAND,82444.89,81278.52,7113,7110,internal,CHoCH,False,False,False,True,True,2,7150
SUPPLY,87333.0,84462.69,7127,7125,internal,CHoCH,True,True,False,True,True,4,7237
DEMAND,83147.95,81211.24,7138,7131,internal,CHoCH,False,True,False,True,True,3,7150
SUPPLY,83817.63,83163.45,7150,7146,internal,CHoCH,False,False,False,False,False,0,7180
SUPPLY,80867.99,78772.14,7162,7158,internal,BOS,False,True,False,False,False,1,7168
DEMAND,76868.28,74620.0,7168,7164,internal,CHoCH,True,True,False,True,True,4,8767
DEMAND,80058.96,78464.36,7180,7174,internal,BOS,False,True,False,False,False,1,8767
SUPPLY,86496.42,84623.73,7205,7203,internal,CHoCH,False,True,False,True,True,3,7236
DEMAND,84649.99,84303.96,7225,7222,internal,CHoCH,False,False,False,False,False,0,7232
SUPPLY,85677.99,85070.0,7232,7227,internal,CHoCH,False,False,False,True,False,1,7236
DEMAND,84785.0,83949.52,7236,7232,internal,CHoCH,False,False,False,True,True,2,8522
DEMAND,92657.69,91660.01,7259,7256,internal,BOS,False,False,False,False,False,0,8502
SUPPLY,95758.04,93929.41,7274,7263,internal,CHoCH,False,True,False,True,True,3,7298
DEMAND,95214.9,92910.0,7298,7293,internal,CHoCH,False,True,False,True,True,3,8500
SUPPLY,97895.68,96650.94,7310,7305,internal,CHoCH,False,False,False,True,True,2,7338
DEMAND,94733.38,93377.0,7331,7329,internal,CHoCH,True,True,False,True,True,4,8500
DEMAND,96961.04,95784.61,7338,7336,internal,BOS,True,False,False,False,True,2,8482
DEMAND,103370.54,102315.14,7355,7348,internal,BOS,False,False,False,False,False,0,7366
SUPPLY,105819.45,103750.0,7365,7363,internal,CHoCH,False,True,False,True,True,3,7403
DEMAND,102791.32,101429.7,7372,7368,internal,CHoCH,False,True,False,False,True,2,7611
SUPPLY,104976.25,103532.18,7380,7372,internal,CHoCH,False,True,False,False,True,2,7401
DEMAND,103180.0,102640.02,7399,7395,internal,CHoCH,False,False,False,False,False,0,7510
SUPPLY,105680.0,103701.4,7406,7401,internal,CHoCH,True,True,False,True,True,4,7410
DEMAND,103779.99,102000.0,7419,7405,internal,CHoCH,True,True,False,True,True,4,7510
SUPPLY,111980.0,110916.4,7430,7426,internal,CHoCH,False,False,False,True,False,1,7720
DEMAND,107743.34,106600.64,7446,7443,internal,CHoCH,False,False,False,True,True,2,7468
SUPPLY,110718.0,108670.29,7461,7455,internal,CHoCH,False,True,False,True,True,3,7714
DEMAND,104292.69,103068.55,7486,7476,internal,CHoCH,False,True,False,True,False,2,7510
SUPPLY,106794.67,105031.6,7504,7497,internal,CHoCH,False,True,False,True,True,3,7532
SUPPLY,105909.71,103900.0,7510,7509,internal,BOS,True,True,False,False,True,3,7527
DEMAND,105333.0,103513.7,7521,7515,internal,CHoCH,False,True,False,False,True,2,7600
SUPPLY,110400.0,108518.86,7548,7540,internal,CHoCH,False,True,False,False,False,1,7714
DEMAND,105617.82,104494.53,7573,7571,internal,CHoCH,False,False,False,False,False,0,7581
SUPPLY,108952.38,106700.0,7580,7577,internal,CHoCH,False,True,False,True,True,3,7672
DEMAND,104814.73,103929.27,7597,7594,internal,CHoCH,False,False,False,False,False,0,7600
SUPPLY,106524.65,105757.48,7600,7598,internal,CHoCH,False,False,False,True,True,2,7627
SUPPLY,104269.64,102345.0,7606,7600,internal,BOS,False,True,False,False,True,2,7619
DEMAND,100380.0,98673.66,7618,7612,internal,CHoCH,True,True,False,True,True,4,8479
DEMAND,107709.22,106446.45,7652,7642,internal,BOS,False,True,False,False,False,1,7665
SUPPLY,108789.99,108255.81,7661,7656,internal,CHoCH,False,False,False,True,False,1,7672
DEMAND,106216.08,105100.19,7670,7668,internal,CHoCH,False,True,False,True,False,2,8419
SUPPLY,110529.18,108749.99,7683,7677,internal,CHoCH,False,True,False,True,True,3,7714
DEMAND,108111.0,107800.01,7695,7694,internal,CHoCH,False,False,False,False,False,0,8034
SUPPLY,109700.0,108536.86,7704,7697,internal,CHoCH,False,True,False,True,True,3,7714
DEMAND,109147.56,108096.55,7714,7708,internal,CHoCH,False,True,False,False,True,2,8034
DEMAND,111408.41,110500.0,7720,7719,internal,BOS,True,False,False,False,False,1,7997
DEMAND,117861.19,116900.05,7737,7731,internal,BOS,False,False,False,False,True,1,7747
SUPPLY,122769.19,121355.55,7746,7742,internal,CHoCH,True,True,False,False,True,3,7925
DEMAND,119073.46,117453.57,7764,7761,internal,CHoCH,False,True,False,False,False,1,7768
SUPPLY,120820.71,119287.72,7768,7765,internal,CHoCH,False,True,False,False,False,1,7908
DEMAND,118141.0,117277.34,7779,7775,internal,CHoCH,False,False,False,False,False,0,7781
SUPPLY,118856.8,117960.0,7781,7780,internal,CHoCH,False,False,False,True,False,1,7783
DEMAND,117950.0,116128.0,7792,7788,internal,CHoCH,False,True,False,True,True,3,7806
SUPPLY,120247.8,119203.2,7806,7793,internal,CHoCH,False,False,False,True,True,2,7908
DEMAND,116144.63,114723.16,7821,7807,internal,CHoCH,False,True,False,True,True,3,7852
SUPPLY,119800.0,118960.5,7833,7824,internal,CHoCH,False,False,False,True,False,1,7908
SUPPLY,118792.0,117358.84,7840,7839,internal,BOS,False,True,False,False,True,2,7905
SUPPLY,118922.45,118287.63,7847,7843,internal,BOS,False,False,False,False,False,0,7907
DEMAND,113740.69,111920.0,7864,7860,internal,CHoCH,False,True,False,True,False,2,7993
SUPPLY,115720.0,114732.65,7873,7870,internal,CHoCH,False,False,False,True,False,1,7886
DEMAND,114893.13,112650.0,7881,7875,internal,CHoCH,False,True,False,True,True,3,7972
DEMAND,117271.73,115878.71,7902,7893,internal,BOS,False,True,False,False,True,2,7950
DEMAND,119172.63,118050.11,7923,7913,internal,BOS,False,False,False,False,False,0,7930
SUPPLY,124474.0,123250.5,7929,7926,internal,CHoCH,True,True,False,True,False,3,8239
DEMAND,117703.92,117143.98,7945,7940,internal,CHoCH,False,False,False,False,False,0,7950
SUPPLY,118575.0,118059.12,7950,7947,internal,CHoCH,True,False,False,True,False,2,8219
SUPPLY,114821.76,113906.01,7972,7968,internal,BOS,False,False,False,False,False,0,7977
DEMAND,112969.47,112015.67,7977,7972,internal,CHoCH,False,False,False,True,True,2,7993
SUPPLY,115666.68,114934.21,7989,7986,internal,CHoCH,False,False,False,False,False,0,8104
DEMAND,110111.98,108666.66,8011,7998,internal,CHoCH,False,True,False,True,True,3,8019
SUPPLY,113485.9,112391.56,8017,8013,internal,CHoCH,False,False,False,True,False,1,8091
SUPPLY,109480.02,108801.35,8034,8028,internal,BOS,False,False,False,False,True,1,8040
DEMAND,109432.99,107255.0,8040,8035,internal,CHoCH,False,True,False,True,True,3,8311
SUPPLY,112575.27,111686.24,8053,8050,internal,CHoCH,False,False,False,True,False,1,8059
DEMAND,111123.99,109329.12,8059,8055,internal,CHoCH,False,True,False,True,True,3,8183
SUPPLY,111700.0,110375.6,8068,8063,internal,CHoCH,False,True,False,False,True,2,8078
DEMAND,110402.0,109977.0,8072,8068,internal,CHoCH,False,False,False,True,True,2,8182
SUPPLY,113293.29,111624.12,8085,8083,internal,CHoCH,False,True,False,True,True,3,8091
DEMAND,112950.0,110766.66,8091,8085,internal,CHoCH,False,True,False,False,True,2,8182
SUPPLY,116757.99,115400.0,8120,8119,internal,CHoCH,False,True,False,True,True,3,8128
DEMAND,115099.0,114384.0,8128,8121,internal,CHoCH,False,False,False,True,True,2,8161
SUPPLY,117900.0,117196.33,8145,8140,internal,CHoCH,False,False,False,True,False,1,8219
SUPPLY,116121.81,115804.47,8159,8151,internal,BOS,False,False,False,False,False,0,8216
DEMAND,112779.37,111042.66,8175,8173,internal,CHoCH,False,True,False,True,True,3,8182
SUPPLY,113940.0,113163.21,8182,8176,internal,CHoCH,False,False,False,True,False,1,8206
DEMAND,109477.69,109064.4,8199,8192,internal,CHoCH,False,False,False,False,False,0,8307
DEMAND,113741.37,112656.27,8216,8210,internal,BOS,False,True,False,False,True,2,8274
DEMAND,121964.95,121510.0,8239,8236,internal,BOS,True,False,False,False,False,1,8255
DEMAND,123464.0,122301.63,8247,8242,internal,BOS,False,True,False,False,False,1,8253
SUPPLY,126199.63,124800.0,8253,8248,internal,CHoCH,False,True,False,True,True,3,8767
SUPPLY,123737.0,122794.4,8266,8261,internal,BOS,False,True,False,False,False,1,8767
DEMAND,111368.29,109561.59,8283,8279,internal,CHoCH,False,True,False,False,False,1,8307
SUPPLY,115963.81,114619.45,8293,8286,internal,CHoCH,False,True,False,True,False,2,8767
SUPPLY,113612.35,111825.93,8307,8298,internal,BOS,False,True,False,False,False,1,8367
DEMAND,108260.5,106103.36,8324,8324,internal,CHoCH,False,True,False,False,False,1,8415
DEMAND,109059.23,107473.72,8337,8335,internal,BOS,True,True,False,False,True,3,8392
DEMAND,112104.98,109700.01,8366,8355,internal,BOS,False,True,False,False,True,2,8391
SUPPLY,116400.0,114938.01,8381,8371,internal,CHoCH,False,True,False,True,True,3,8767
DEMAND,110348.0,109702.66,8407,8403,internal,CHoCH,False,False,False,False,False,0,8412
SUPPLY,111250.01,110096.32,8412,8409,internal,CHoCH,True,False,False,True,True,3,8767
SUPPLY,104534.74,103305.05,8434,8429,internal,BOS,False,False,False,False,False,0,8452
DEMAND,102337.89,101400.0,8451,8448,internal,CHoCH,False,False,False,False,True,1,8470
SUPPLY,107500.0,105500.0,8463,8460,internal,CHoCH,False,True,False,True,True,3,8767
SUPPLY,104085.01,101665.59,8476,8473,internal,BOS,True,True,False,False,False,2,8767
SUPPLY,96846.68,94558.49,8494,8484,internal,BOS,False,True,False,False,True,2,8767
SUPPLY,93836.01,92579.23,8512,8506,internal,BOS,False,False,False,False,False,0,8767
DEMAND,84586.62,83500.0,8532,8528,internal,CHoCH,False,False,False,False,False,0,8767
DEMAND,87792.2,86116.0,8554,8547,internal,BOS,False,True,False,False,True,2,8583
DEMAND,91457.36,90438.43,8565,8559,internal,BOS,False,False,False,False,False,0,8579
DEMAND,91165.65,90155.47,8577,8572,internal,BOS,False,False,False,True,False,1,8580
SUPPLY,92000.01,91009.0,8579,8577,internal,CHoCH,True,False,False,True,True,3,8592
DEMAND,86674.0,83822.76,8589,8583,internal,CHoCH,False,True,False,True,True,3,8767
SUPPLY,94150.0,92825.56,8606,8597,internal,CHoCH,False,False,False,True,False,1,8767
DEMAND,89707.54,87719.28,8620,8619,internal,CHoCH,False,True,False,True,True,3,8667
DEMAND,90528.67,89500.0,8631,8629,internal,BOS,True,False,False,False,False,1,8660
SUPPLY,94588.99,92693.5,8640,8632,internal,CHoCH,False,True,False,True,True,3,8767
SUPPLY,90634.55,90290.0,8660,8654,internal,BOS,False,False,False,False,False,0,8767
SUPPLY,88175.98,86107.43,8680,8673,internal,BOS,False,True,False,False,True,2,8685
SUPPLY,89477.61,87109.76,8686,8685,internal,BOS,True,True,False,False,True,3,8708
DEMAND,88343.73,87795.76,8702,8697,internal,CHoCH,False,False,False,False,False,0,8713
SUPPLY,90588.23,89196.42,8713,8709,internal,CHoCH,False,True,False,True,True,3,8767
DEMAND,87478.59,86420.0,8730,8721,internal,CHoCH,False,False,False,True,False,1,8767
DEMAND,87532.0,87253.05,8741,8736,internal,BOS,False,False,False,False,False,0,8753
SUPPLY,90406.08,89507.03,8752,8749,internal,CHoCH,True,False,False,True,True,3,8767
SUPPLY,89400.0,87960.2,8764,8758,internal,BOS,False,True,False,False,True,2,8767
SUPPLY,44500.0,42871.01,119,75,swing,BOS,False,True,False,True,True,3,229
DEMAND,34388.38,32917.17,207,141,swing,CHoCH,True,True,False,True,True,4,771
SUPPLY,45821.0,44341.07,286,244,swing,CHoCH,False,True,False,True,True,3,515
DEMAND,35515.83,34322.28,351,325,swing,CHoCH,True,True,False,True,True,4,767
DEMAND,38357.75,37555.0,460,432,swing,BOS,False,False,False,True,False,1,747
SUPPLY,48189.84,47300.65,574,520,swing,CHoCH,False,True,False,True,True,3,4626
DEMAND,39847.24,38536.51,662,643,swing,CHoCH,True,True,False,True,True,4,685
SUPPLY,31460.0,30355.22,881,809,swing,CHoCH,False,True,False,True,True,3,899
DEMAND,29495.0,28019.56,899,873,swing,CHoCH,False,True,False,True,True,3,972
SUPPLY,32399.0,31570.53,964,904,swing,CHoCH,False,True,False,True,True,3,3965
SUPPLY,21888.0,21197.12,1081,1059,swing,BOS,False,True,False,True,True,3,1128
DEMAND,19341.26,18756.71,1126,1083,swing,CHoCH,True,False,False,True,True,3,1494
DEMAND,20128.39,18910.94,1189,1161,swing,BOS,False,True,False,True,True,3,1492
SUPPLY,24276.74,23567.91,1239,1203,swing,CHoCH,False,True,False,True,True,3,1263
DEMAND,21196.58,20706.5,1263,1239,swing,CHoCH,False,True,False,True,True,3,1426
DEMAND,22980.0,22400.0,1344,1294,swing,BOS,False,True,False,True,True,3,1381
SUPPLY,25047.56,24500.0,1380,1351,swing,CHoCH,False,True,False,True,False,2,2469
SUPPLY,20576.25,20257.32,1492,1447,swing,BOS,True,False,False,True,True,3,1507
DEMAND,18873.17,18510.77,1507,1494,swing,CHoCH,False,True,False,True,True,3,1567
SUPPLY,22713.92,22182.09,1566,1532,swing,CHoCH,True,True,False,True,False,3,2312
DEMAND,18879.08,18232.56,1614,1567,swing,CHoCH,False,True,False,True,True,3,1874
SUPPLY,20475.0,20139.51,1712,1661,swing,CHoCH,False,False,False,True,False,1,1790
DEMAND,19174.16,18650.0,1786,1761,swing,CHoCH,False,True,False,True,True,3,1870
SUPPLY,21480.65,21080.65,1867,1848,swing,CHoCH,False,True,False,True,True,3,2308
SUPPLY,17537.0,17209.2,1948,1886,swing,BOS,True,True,False,False,False,2,2079
DEMAND,15894.74,15476.0,1998,1949,swing,CHoCH,False,True,False,True,True,3,8767
SUPPLY,18116.0,17815.75,2099,2085,swing,CHoCH,False,True,False,True,True,3,2256
DEMAND,16580.7,16333.0,2235,2181,swing,CHoCH,False,True,False,True,True,3,8767
SUPPLY,24144.62,23725.76,2428,2386,swing,CHoCH,False,True,False,False,True,2,2465
DEMAND,21678.0,21351.07,2465,2452,swing,CHoCH,False,True,False,True,True,3,2596
SUPPLY,25121.23,24720.0,2518,2493,swing,CHoCH,False,True,False,False,True,2,2625
DEMAND,19977.0,19549.09,2619,2600,swing,CHoCH,False,True,False,True,True,3,8767
DEMAND,28093.56,27200.24,2788,2747,swing,BOS,False,True,False,True,True,3,2973
SUPPLY,31000.0,30674.53,2843,2809,swing,CHoCH,False,False,False,True,False,1,3231
SUPPLY,29870.22,29211.28,2973,2908,swing,BOS,True,True,False,False,True,3,3220
SUPPLY,27663.59,27317.9,3051,2998,swing,BOS,False,False,False,True,True,2,3077
DEMAND,26394.37,25871.89,3076,3054,swing,CHoCH,False,True,False,True,True,3,3124
SUPPLY,28447.14,27914.28,3123,3078,swing,CHoCH,False,True,False,True,True,3,3216
DEMAND,25050.0,24800.0,3209,3182,swing,CHoCH,True,False,False,True,True,3,8767
DEMAND,30165.64,29701.02,3352,3312,swing,BOS,False,True,False,True,False,2,3416
SUPPLY,31691.46,31000.0,3416,3353,swing,CHoCH,False,True,False,False,True,2,3965
DEMAND,28980.0,28585.7,3508,3465,swing,CHoCH,True,True,False,True,True,4,3560
SUPPLY,29950.0,29535.38,3558,3508,swing,CHoCH,False,True,False,True,True,3,3952
DEMAND,26054.73,25726.29,3633,3592,swing,CHoCH,False,True,False,True,True,3,3652
SUPPLY,26445.5,26198.91,3711,3690,swing,CHoCH,True,True,False,True,False,3,3728
DEMAND,25217.0,24901.0,3752,3713,swing,CHoCH,True,True,False,True,False,3,8767
SUPPLY,27483.57,27069.9,3791,3760,swing,CHoCH,False,True,False,True,True,3,3833
DEMAND,26300.0,25990.46,3833,3795,swing,CHoCH,False,True,False,True,True,3,8767
SUPPLY,28484.28,28187.69,3888,3836,swing,CHoCH,True,True,False,True,True,4,3923
DEMAND,26795.63,26538.66,3922,3892,swing,CHoCH,False,True,False,True,True,3,8767
DEMAND,34033.48,33390.95,4019,3988,swing,BOS,False,True,False,True,False,2,8767
DEMAND,36380.0,35632.01,4155,4140,swing,BOS,False,True,False,True,True,3,8767
DEMAND,41270.27,40542.93,4311,4298,swing,BOS,True,True,False,True,True,4,4510
DEMAND,42240.0,41300.0,4385,4367,swing,BOS,False,True,False,True,False,2,4486
SUPPLY,47207.16,46653.84,4463,4427,swing,CHoCH,False,False,False,False,True,1,4618
DEMAND,39460.0,38555.0,4551,4515,swing,CHoCH,False,True,False,True,True,3,8767
SUPPLY,73777.0,72680.0,4835,4819,swing,CHoCH,True,True,False,True,False,3,6240
DEMAND,63198.83,60775.0,4887,4855,swing,CHoCH,True,True,False,True,True,4,5025
SUPPLY,71561.1,70260.3,4934,4891,swing,CHoCH,False,False,False,True,False,1,4970
DEMAND,66288.88,64493.07,4970,4938,swing,CHoCH,False,True,False,True,True,3,5003
SUPPLY,72797.99,71245.17,5002,4971,swing,CHoCH,False,True,False,True,True,3,6240
SUPPLY,67232.35,66342.1,5102,5057,swing,BOS,False,False,False,True,False,1,5215
DEMAND,61294.82,60187.12,5194,5164,swing,CHoCH,False,False,False,True,True,2,5434
DEMAND,67523.78,66600.12,5319,5246,swing,BOS,False,False,False,False,False,0,5355
SUPPLY,71997.02,70633.21,5354,5331,swing,CHoCH,True,True,False,True,True,4,6195
SUPPLY,63861.76,62966.77,5491,5476,swing,BOS,False,True,False,True,True,3,5561
DEMAND,55900.0,54963.62,5555,5515,swing,CHoCH,True,True,False,False,True,3,5682
SUPPLY,69888.0,69263.07,5661,5641,swing,CHoCH,True,False,False,True,False,2,6191
DEMAND,57885.0,56078.54,5794,5747,swing,CHoCH,False,True,False,True,True,3,5871
SUPPLY,65000.0,64122.49,5849,5807,swing,CHoCH,False,False,False,True,False,1,5997
DEMAND,53969.99,52550.0,5919,5879,swing,CHoCH,False,True,False,True,True,3,8767
SUPPLY,66498.0,65314.31,6028,6003,swing,CHoCH,False,True,False,True,True,3,6112
DEMAND,60329.27,59586.29,6103,6083,swing,CHoCH,False,False,False,False,True,1,8767
DEMAND,92364.0,90791.1,6414,6365,swing,BOS,False,True,False,True,True,3,6907
DEMAND,96500.0,94256.54,6479,6448,swing,BOS,False,True,False,False,True,2,6506
SUPPLY,108353.0,105725.99,6504,6489,swing,CHoCH,False,True,False,True,True,3,7419
SUPPLY,99963.7,98468.26,6567,6540,swing,BOS,False,False,False,True,False,1,6609
DEMAND,94277.23,91530.45,6606,6567,swing,CHoCH,False,True,False,True,True,3,6650
SUPPLY,102724.38,101512.91,6628,6612,swing,CHoCH,True,False,False,True,False,2,6675
DEMAND,93661.55,90833.12,6672,6650,swing,CHoCH,True,True,False,True,True,4,6907
SUPPLY,109193.23,107093.33,6733,6692,swing,CHoCH,True,True,False,False,True,3,7421
SUPPLY,102500.01,100918.0,6868,6779,swing,BOS,False,False,False,True,False,1,7343
SUPPLY,94883.51,93502.0,6987,6941,swing,BOS,False,False,False,False,False,0,7263
DEMAND,80250.0,77459.91,7043,6988,swing,CHoCH,False,True,False,True,True,3,7153
SUPPLY,88765.43,87138.6,7100,7071,swing,CHoCH,False,True,False,True,True,3,7245
DEMAND,76868.28,74620.0,7244,7164,swing,CHoCH,True,True,False,True,True,4,8767
SUPPLY,111980.0,110916.4,7468,7426,swing,CHoCH,False,False,False,True,False,1,7720
DEMAND,102171.44,100372.26,7532,7511,swing,CHoCH,False,True,False,True,True,3,7611
SUPPLY,110530.17,108456.08,7606,7535,swing,CHoCH,False,True,False,True,True,3,7714
DEMAND,100380.0,98673.66,7632,7612,swing,CHoCH,True,True,False,True,True,4,8479
SUPPLY,120820.71,119287.72,7806,7765,swing,CHoCH,False,True,False,False,False,1,7908
DEMAND,113740.69,111920.0,7907,7860,swing,CHoCH,False,True,False,True,False,2,7993
SUPPLY,124474.0,123250.5,7950,7926,swing,CHoCH,True,True,False,True,False,3,8239
DEMAND,109432.99,107255.0,8091,8035,swing,CHoCH,False,True,False,True,True,3,8311
SUPPLY,117900.0,117196.33,8161,8140,swing,CHoCH,False,False,False,True,False,1,8219
DEMAND,109690.98,108620.07,8216,8186,swing,CHoCH,False,True,False,True,False,2,8307
SUPPLY,126199.63,124800.0,8272,8248,swing,CHoCH,False,True,False,True,True,3,8767
DEMAND,106852.14,104533.21,8371,8313,swing,CHoCH,False,True,False,False,True,2,8419
SUPPLY,116400.0,114938.01,8415,8371,swing,CHoCH,False,True,False,True,True,3,8767
SUPPLY,107500.0,105500.0,8476,8460,swing,BOS,False,True,False,True,True,3,8767
DEMAND,84709.89,81648.0,8597,8522,swing,CHoCH,False,True,False,True,True,3,8767
SUPPLY,94588.99,92693.5,8668,8632,swing,CHoCH,False,True,False,True,True,3,8767
